Column1,Column2
Zanieczyszczenie,Wroc³aw - Na Grobli - py³ zawieszony PM2.5
2015-01-01," 	44.2	"
2015-01-02," 	21.4	"
2015-01-03," 	15.2	"
2015-01-04," 	8.9	"
2015-01-05," 	13.8	"
2015-01-06," 	29.7	"
2015-01-07," 	60.7	"
2015-01-08," 	31.4	"
2015-01-09," 	8.0	"
2015-01-10," 	8.9	"
2015-01-11,
2015-01-12,
2015-01-13," 	10.5	"
2015-01-14," 	13.1	"
2015-01-15," 	13.6	"
2015-01-16," 	31.6	"
2015-01-17," 	41.5	"
2015-01-18," 	36.3	"
2015-01-19," 	29.7	"
2015-01-20," 	64.6	"
2015-01-21," 	45.0	"
2015-01-22," 	47.5	"
2015-01-23," 	49.7	"
2015-01-24," 	29.0	"
2015-01-25," 	22.8	"
2015-01-26," 	22.8	"
2015-01-27," 	15.4	"
2015-01-28," 	15.0	"
2015-01-29," 	14.3	"
2015-01-30," 	17.2	"
2015-01-31," 	21.0	"
2015-02-01," 	25.9	"
2015-02-02," 	33.4	"
2015-02-03," 	26.2	"
2015-02-04," 	27.2	"
2015-02-05," 	45.4	"
2015-02-06," 	37.0	"
2015-02-07," 	36.4	"
2015-02-08," 	8.3	"
2015-02-09," 	9.2	"
2015-02-10," 	12.0	"
2015-02-11," 	22.3	"
2015-02-12," 	23.8	"
2015-02-13," 	37.5	"
2015-02-14," 	43.1	"
2015-02-15," 	64.7	"
2015-02-16," 	34.4	"
2015-02-17," 	42.8	"
2015-02-18," 	59.3	"
2015-02-19," 	75.4	"
2015-02-20," 	63.0	"
2015-02-21," 	49.3	"
2015-02-22," 	56.8	"
2015-02-23," 	47.7	"
2015-02-24," 	34.5	"
2015-02-25," 	32.1	"
2015-02-26," 	43.7	"
2015-02-27," 	63.1	"
2015-02-28," 	34.8	"
2015-03-01," 	33.1	"
2015-03-02," 	14.8	"
2015-03-03," 	15.4	"
2015-03-04," 	13.5	"
2015-03-05," 	17.5	"
2015-03-06," 	25.2	"
2015-03-07," 	38.3	"
2015-03-08," 	27.3	"
2015-03-09," 	33.2	"
2015-03-10," 	57.9	"
2015-03-11," 	19.5	"
2015-03-12," 	21.4	"
2015-03-13," 	23.7	"
2015-03-14," 	23.4	"
2015-03-15," 	27.2	"
2015-03-16," 	26.2	"
2015-03-17," 	24.5	"
2015-03-18," 	26.6	"
2015-03-19," 	48.7	"
2015-03-20," 	54.8	"
2015-03-21," 	63.1	"
2015-03-22," 	13.6	"
2015-03-23," 	37.4	"
2015-03-24," 	57.1	"
2015-03-25," 	49.4	"
2015-03-26," 	33.3	"
2015-03-27," 	34.4	"
2015-03-28," 	26.4	"
2015-03-29," 	25.4	"
2015-03-30," 	5.6	"
2015-03-31," 	6.7	"
2015-04-01," 	14.8	"
2015-04-02," 	7.9	"
2015-04-03," 	8.5	"
2015-04-04," 	7.9	"
2015-04-05," 	10.9	"
2015-04-06," 	13.7	"
2015-04-07," 	18.0	"
2015-04-08," 	13.8	"
2015-04-09," 	22.0	"
2015-04-10," 	39.5	"
2015-04-11," 	28.9	"
2015-04-12," 	12.2	"
2015-04-13," 	15.9	"
2015-04-14," 	12.9	"
2015-04-15," 	17.3	"
2015-04-16," 	13.9	"
2015-04-17," 	10.7	"
2015-04-18," 	9.3	"
2015-04-19," 	10.1	"
2015-04-20," 	14.4	"
2015-04-21," 	21.4	"
2015-04-22," 	16.9	"
2015-04-23," 	21.0	"
2015-04-24," 	25.0	"
2015-04-25," 	19.4	"
2015-04-26," 	10.8	"
2015-04-27," 	12.9	"
2015-04-28," 	7.8	"
2015-04-29," 	10.4	"
2015-04-30," 	20.7	"
2015-05-01," 	21.4	"
2015-05-02," 	20.2	"
2015-05-03," 	21.6	"
2015-05-04," 	10.4	"
2015-05-05," 	17.2	"
2015-05-06," 	11.2	"
2015-05-07," 	14.4	"
2015-05-08," 	11.8	"
2015-05-09," 	12.8	"
2015-05-10," 	7.7	"
2015-05-11," 	9.0	"
2015-05-12," 	13.2	"
2015-05-13," 	10.8	"
2015-05-14," 	12.2	"
2015-05-15," 	10.9	"
2015-05-16," 	16.3	"
2015-05-17," 	10.3	"
2015-05-18," 	12.6	"
2015-05-19," 	13.8	"
2015-05-20," 	13.2	"
2015-05-21," 	14.1	"
2015-05-22," 	15.4	"
2015-05-23," 	12.4	"
2015-05-24," 	18.0	"
2015-05-25," 	18.2	"
2015-05-26," 	13.1	"
2015-05-27,
2015-05-28,
2015-05-29,
2015-05-30,
2015-05-31,
2015-06-01,
2015-06-02," 	10.8	"
2015-06-03," 	12.1	"
2015-06-04," 	9.3	"
2015-06-05," 	20.7	"
2015-06-06," 	16.9	"
2015-06-07," 	12.6	"
2015-06-08," 	9.9	"
2015-06-09," 	8.3	"
2015-06-10," 	9.5	"
2015-06-11," 	13.0	"
2015-06-12," 	18.0	"
2015-06-13," 	18.4	"
2015-06-14," 	12.6	"
2015-06-15," 	8.9	"
2015-06-16," 	5.2	"
2015-06-17," 	9.4	"
2015-06-18," 	13.6	"
2015-06-19," 	9.3	"
2015-06-20," 	6.3	"
2015-06-21," 	7.1	"
2015-06-22," 	9.2	"
2015-06-23," 	4.7	"
2015-06-24," 	8.6	"
2015-06-25," 	10.8	"
2015-06-26,
2015-06-27,
2015-06-28,
2015-06-29,
2015-06-30,
2015-07-01,
2015-07-02,
2015-07-03," 	15.5	"
2015-07-04," 	19.3	"
2015-07-05," 	24.9	"
2015-07-06,
2015-07-07,
2015-07-08,
2015-07-09," 	17.9	"
2015-07-10," 	9.7	"
2015-07-11," 	8.7	"
2015-07-12," 	15.0	"
2015-07-13," 	9.2	"
2015-07-14," 	8.3	"
2015-07-15," 	11.3	"
2015-07-16," 	13.9	"
2015-07-17," 	21.3	"
2015-07-18," 	18.8	"
2015-07-19," 	17.7	"
2015-07-20," 	14.6	"
2015-07-21," 	15.4	"
2015-07-22," 	16.6	"
2015-07-23," 	15.0	"
2015-07-24," 	16.5	"
2015-07-25," 	17.7	"
2015-07-26," 	6.5	"
2015-07-27," 	8.2	"
2015-07-28," 	7.5	"
2015-07-29," 	11.0	"
2015-07-30," 	13.9	"
2015-07-31," 	13.5	"
2015-08-01," 	14.8	"
2015-08-02," 	17.5	"
2015-08-03," 	21.4	"
2015-08-04," 	26.2	"
2015-08-05," 	18.7	"
2015-08-06," 	17.9	"
2015-08-07," 	27.1	"
2015-08-08," 	25.8	"
2015-08-09," 	20.0	"
2015-08-10," 	26.1	"
2015-08-11," 	27.4	"
2015-08-12," 	32.5	"
2015-08-13," 	20.4	"
2015-08-14," 	21.2	"
2015-08-15,
2015-08-16,
2015-08-17,
2015-08-18,
2015-08-19,
2015-08-20,
2015-08-21," 	15.1	"
2015-08-22," 	18.4	"
2015-08-23," 	15.5	"
2015-08-24," 	16.2	"
2015-08-25," 	8.6	"
2015-08-26," 	10.0	"
2015-08-27," 	12.0	"
2015-08-28," 	18.5	"
2015-08-29," 	9.3	"
2015-08-30," 	16.2	"
2015-08-31," 	21.8	"
2015-09-01," 	30.4	"
2015-09-02," 	10.1	"
2015-09-03,
2015-09-04,
2015-09-05,
2015-09-06,
2015-09-07,
2015-09-08," 	5.8	"
2015-09-09," 	8.9	"
2015-09-10," 	10.8	"
2015-09-11," 	18.0	"
2015-09-12," 	18.1	"
2015-09-13," 	13.1	"
2015-09-14," 	17.1	"
2015-09-15," 	11.7	"
2015-09-16," 	18.1	"
2015-09-17," 	20.7	"
2015-09-18," 	8.4	"
2015-09-19," 	15.4	"
2015-09-20," 	7.7	"
2015-09-21,
2015-09-22," 	13.3	"
2015-09-23," 	13.0	"
2015-09-24,
2015-09-25,
2015-09-26,
2015-09-27,
2015-09-28,
2015-09-29,
2015-09-30,
2015-10-01," 	32.6	"
2015-10-02,
2015-10-03,
2015-10-04,
2015-10-05,
2015-10-06,
2015-10-07,
2015-10-08,
2015-10-09," 	34.5	"
2015-10-10," 	19.8	"
2015-10-11," 	19.8	"
2015-10-12," 	22.5	"
2015-10-13," 	29.1	"
2015-10-14," 	42.9	"
2015-10-15," 	32.8	"
2015-10-16," 	24.7	"
2015-10-17," 	17.3	"
2015-10-18," 	29.6	"
2015-10-19," 	34.2	"
2015-10-20," 	27.5	"
2015-10-21," 	19.4	"
2015-10-22," 	22.0	"
2015-10-23," 	12.3	"
2015-10-24," 	20.4	"
2015-10-25," 	28.0	"
2015-10-26," 	21.9	"
2015-10-27,
2015-10-28,
2015-10-29,
2015-10-30,
2015-10-31,
2015-11-01,
2015-11-02,
2015-11-03," 	81.1	"
2015-11-04," 	128.0	"
2015-11-05," 	142.4	"
2015-11-06," 	97.9	"
2015-11-07," 	69.4	"
2015-11-08," 	14.8	"
2015-11-09," 	20.1	"
2015-11-10," 	7.4	"
2015-11-11," 	10.5	"
2015-11-12," 	16.9	"
2015-11-13," 	25.0	"
2015-11-14," 	7.7	"
2015-11-15," 	4.7	"
2015-11-16," 	15.1	"
2015-11-17," 	14.9	"
2015-11-18," 	7.0	"
2015-11-19," 	7.0	"
2015-11-20," 	10.7	"
2015-11-21," 	20.6	"
2015-11-22," 	24.7	"
2015-11-23," 	32.0	"
2015-11-24," 	26.3	"
2015-11-25," 	31.0	"
2015-11-26," 	47.9	"
2015-11-27," 	66.5	"
2015-11-28," 	49.9	"
2015-11-29," 	10.4	"
2015-11-30," 	8.0	"
2015-12-01," 	7.3	"
2015-12-02," 	14.9	"
2015-12-03," 	32.7	"
2015-12-04," 	23.6	"
2015-12-05," 	22.1	"
2015-12-06," 	12.1	"
2015-12-07," 	27.3	"
2015-12-08," 	36.2	"
2015-12-09," 	18.4	"
2015-12-10," 	28.2	"
2015-12-11,
2015-12-12,
2015-12-13,
2015-12-14,
2015-12-15," 	49.5	"
2015-12-16," 	48.6	"
2015-12-17," 	24.9	"
2015-12-18," 	19.9	"
2015-12-19," 	27.9	"
2015-12-20," 	24.8	"
2015-12-21," 	17.5	"
2015-12-22," 	9.3	"
2015-12-23," 	12.6	"
2015-12-24," 	29.1	"
2015-12-25," 	18.3	"
2015-12-26," 	11.1	"
2015-12-27," 	16.8	"
2015-12-28," 	19.7	"
2015-12-29," 	18.0	"
2015-12-30," 	24.3	"
2015-12-31,
2016-01-01,
2016-01-02,
2016-01-03,
2016-01-04,
2016-01-05," 	80.4	"
2016-01-06," 	107.4	"
2016-01-07," 	97.7	"
2016-01-08," 	37.2	"
2016-01-09," 	48.4	"
2016-01-10," 	84.9	"
2016-01-11," 	49.2	"
2016-01-12," 	32.6	"
2016-01-13," 	13.5	"
2016-01-14," 	26.9	"
2016-01-15," 	48.1	"
2016-01-16," 	28.0	"
2016-01-17," 	38.7	"
2016-01-18," 	49.8	"
2016-01-19," 	86.9	"
2016-01-20," 	54.4	"
2016-01-21," 	20.1	"
2016-01-22," 	47.8	"
2016-01-23," 	50.7	"
2016-01-24," 	37.4	"
2016-01-25," 	30.4	"
2016-01-26," 	28.1	"
2016-01-27," 	19.1	"
2016-01-28," 	13.1	"
2016-01-29," 	23.4	"
2016-01-30," 	10.2	"
2016-01-31," 	8.0	"
2016-02-01," 	15.4	"
2016-02-02," 	8.2	"
2016-02-03," 	10.1	"
2016-02-04," 	10.7	"
2016-02-05," 	17.8	"
2016-02-06," 	20.1	"
2016-02-07," 	19.2	"
2016-02-08," 	11.9	"
2016-02-09," 	8.1	"
2016-02-10," 	11.8	"
2016-02-11," 	11.2	"
2016-02-12," 	22.3	"
2016-02-13," 	52.6	"
2016-02-14," 	32.6	"
2016-02-15," 	33.5	"
2016-02-16," 	22.4	"
2016-02-17," 	33.6	"
2016-02-18," 	39.4	"
2016-02-19," 	33.8	"
2016-02-20," 	24.4	"
2016-02-21," 	8.7	"
2016-02-22," 	7.7	"
2016-02-23," 	12.5	"
2016-02-24," 	14.4	"
2016-02-25," 	27.4	"
2016-02-26," 	23.2	"
2016-02-27," 	42.8	"
2016-02-28," 	47.9	"
2016-02-29," 	35.2	"
2016-03-01," 	23.8	"
2016-03-02," 	29.6	"
2016-03-03," 	28.0	"
2016-03-04," 	37.1	"
2016-03-05," 	47.6	"
2016-03-06," 	26.7	"
2016-03-07," 	21.2	"
2016-03-08," 	28.6	"
2016-03-09," 	26.5	"
2016-03-10," 	32.6	"
2016-03-11," 	31.5	"
2016-03-12," 	28.0	"
2016-03-13," 	30.7	"
2016-03-14," 	36.2	"
2016-03-15," 	20.4	"
2016-03-16," 	28.6	"
2016-03-17," 	65.0	"
2016-03-18," 	36.0	"
2016-03-19," 	15.8	"
2016-03-20," 	18.2	"
2016-03-21," 	15.9	"
2016-03-22," 	14.3	"
2016-03-23," 	21.3	"
2016-03-24," 	30.0	"
2016-03-25," 	48.8	"
2016-03-26," 	19.5	"
2016-03-27," 	31.2	"
2016-03-28," 	16.0	"
2016-03-29," 	12.4	"
2016-03-30," 	14.4	"
2016-03-31," 	21.2	"
2016-04-01," 	16.4	"
2016-04-02," 	23.2	"
2016-04-03," 	28.0	"
2016-04-04," 	30.4	"
2016-04-05," 	40.9	"
2016-04-06," 	28.2	"
2016-04-07," 	13.9	"
2016-04-08," 	17.1	"
2016-04-09," 	22.5	"
2016-04-10," 	20.4	"
2016-04-11," 	24.8	"
2016-04-12," 	47.0	"
2016-04-13," 	35.2	"
2016-04-14," 	21.2	"
2016-04-15," 	19.5	"
2016-04-16," 	13.4	"
2016-04-17," 	15.5	"
2016-04-18," 	13.1	"
2016-04-19," 	17.4	"
2016-04-20," 	11.8	"
2016-04-21," 	18.8	"
2016-04-22," 	17.5	"
2016-04-23," 	22.0	"
2016-04-24," 	8.5	"
2016-04-25," 	14.4	"
2016-04-26," 	12.6	"
2016-04-27," 	14.6	"
2016-04-28," 	12.7	"
2016-04-29," 	17.2	"
2016-04-30," 	18.0	"
2016-05-01," 	16.2	"
2016-05-02," 	15.1	"
2016-05-03," 	18.5	"
2016-05-04," 	9.9	"
2016-05-05," 	11.3	"
2016-05-06," 	16.8	"
2016-05-07," 	14.9	"
2016-05-08," 	11.9	"
2016-05-09," 	11.1	"
2016-05-10," 	10.8	"
2016-05-11," 	12.4	"
2016-05-12," 	12.3	"
2016-05-13," 	12.4	"
2016-05-14," 	12.0	"
2016-05-15," 	3.8	"
2016-05-16," 	7.0	"
2016-05-17," 	7.9	"
2016-05-18," 	13.0	"
2016-05-19," 	17.8	"
2016-05-20," 	22.5	"
2016-05-21," 	17.5	"
2016-05-22," 	18.3	"
2016-05-23," 	15.2	"
2016-05-24," 	18.0	"
2016-05-25," 	13.3	"
2016-05-26," 	14.6	"
2016-05-27," 	16.4	"
2016-05-28," 	18.0	"
2016-05-29," 	10.9	"
2016-05-30," 	12.0	"
2016-05-31," 	13.4	"
2016-06-01," 	8.5	"
2016-06-02," 	8.8	"
2016-06-03," 	14.0	"
2016-06-04," 	18.0	"
2016-06-05," 	17.2	"
2016-06-06," 	7.2	"
2016-06-07," 	9.4	"
2016-06-08," 	11.8	"
2016-06-09," 	7.9	"
2016-06-10," 	12.2	"
2016-06-11," 	8.1	"
2016-06-12," 	13.9	"
2016-06-13," 	10.6	"
2016-06-14," 	9.8	"
2016-06-15," 	9.8	"
2016-06-16," 	7.4	"
2016-06-17," 	7.7	"
2016-06-18," 	7.7	"
2016-06-19," 	8.8	"
2016-06-20,
2016-06-21,
2016-06-22,
2016-06-23,
2016-06-24,
2016-06-25,
2016-06-26,
2016-06-27,
2016-06-28,
2016-06-29,
2016-06-30,
2016-07-01,
2016-07-02,
2016-07-03,
2016-07-04,
2016-07-05,
2016-07-06,
2016-07-07,
2016-07-08,
2016-07-09,
2016-07-10,
2016-07-11,
2016-07-12,
2016-07-13," 	12.2	"
2016-07-14," 	6.9	"
2016-07-15," 	6.3	"
2016-07-16,
2016-07-17,
2016-07-18,
2016-07-19," 	10.0	"
2016-07-20," 	10.2	"
2016-07-21," 	14.3	"
2016-07-22," 	15.1	"
2016-07-23," 	18.5	"
2016-07-24," 	20.8	"
2016-07-25," 	20.9	"
2016-07-26," 	20.9	"
2016-07-27," 	18.1	"
2016-07-28," 	16.1	"
2016-07-29," 	16.4	"
2016-07-30," 	10.5	"
2016-07-31," 	11.2	"
2016-08-01," 	7.5	"
2016-08-02,
2016-08-03,
2016-08-04,
2016-08-05,
2016-08-06,
2016-08-07,
2016-08-08,
2016-08-09," 	8.4	"
2016-08-10," 	5.0	"
2016-08-11,
2016-08-12," 	9.8	"
2016-08-13," 	8.6	"
2016-08-14," 	9.0	"
2016-08-15," 	6.8	"
2016-08-16," 	8.2	"
2016-08-17," 	9.4	"
2016-08-18," 	11.2	"
2016-08-19," 	15.8	"
2016-08-20," 	17.5	"
2016-08-21," 	11.2	"
2016-08-22," 	8.6	"
2016-08-23," 	11.9	"
2016-08-24," 	11.5	"
2016-08-25," 	10.6	"
2016-08-26," 	13.4	"
2016-08-27," 	13.1	"
2016-08-28," 	21.1	"
2016-08-29," 	14.3	"
2016-08-30," 	6.8	"
2016-08-31,
2016-09-01,
2016-09-02," 	16.8	"
2016-09-03," 	18.0	"
2016-09-04," 	14.1	"
2016-09-05," 	5.5	"
2016-09-06," 	8.1	"
2016-09-07,
2016-09-08,
2016-09-09," 	18.7	"
2016-09-10," 	23.9	"
2016-09-11," 	24.0	"
2016-09-12," 	26.7	"
2016-09-13," 	24.7	"
2016-09-14," 	19.2	"
2016-09-15," 	15.1	"
2016-09-16," 	25.7	"
2016-09-17," 	26.4	"
2016-09-18," 	15.5	"
2016-09-19," 	15.1	"
2016-09-20," 	9.9	"
2016-09-21," 	12.5	"
2016-09-22," 	14.0	"
2016-09-23," 	22.7	"
2016-09-24," 	24.6	"
2016-09-25," 	23.2	"
2016-09-26," 	14.4	"
2016-09-27," 	21.8	"
2016-09-28," 	24.2	"
2016-09-29," 	9.5	"
2016-09-30,
2016-10-01," 	16.1	"
2016-10-02," 	9.3	"
2016-10-03," 	6.7	"
2016-10-04," 	5.2	"
2016-10-05," 	4.5	"
2016-10-06," 	5.6	"
2016-10-07,
2016-10-08,
2016-10-09," 	9.2	"
2016-10-10," 	10.4	"
2016-10-11," 	18.3	"
2016-10-12," 	9.1	"
2016-10-13," 	15.1	"
2016-10-14," 	20.7	"
2016-10-15," 	21.0	"
2016-10-16," 	23.0	"
2016-10-17,
2016-10-18," 	27.9	"
2016-10-19," 	19.9	"
2016-10-20," 	16.8	"
2016-10-21,
2016-10-22,
2016-10-23," 	30.6	"
2016-10-24," 	30.5	"
2016-10-25," 	30.4	"
2016-10-26," 	27.5	"
2016-10-27," 	33.7	"
2016-10-28," 	27.1	"
2016-10-29," 	7.7	"
2016-10-30," 	7.6	"
2016-10-31," 	16.1	"
2016-11-01," 	14.5	"
2016-11-02," 	8.2	"
2016-11-03," 	11.0	"
2016-11-04," 	23.9	"
2016-11-05," 	28.6	"
2016-11-06," 	24.5	"
2016-11-07," 	18.4	"
2016-11-08," 	28.1	"
2016-11-09," 	43.6	"
2016-11-10," 	64.2	"
2016-11-11," 	55.2	"
2016-11-12," 	30.8	"
2016-11-13," 	47.8	"
2016-11-14," 	36.0	"
2016-11-15," 	33.1	"
2016-11-16," 	14.5	"
2016-11-17," 	13.2	"
2016-11-18," 	19.4	"
2016-11-19," 	22.5	"
2016-11-20," 	19.8	"
2016-11-21," 	22.8	"
2016-11-22," 	27.6	"
2016-11-23," 	60.6	"
2016-11-24," 	50.7	"
2016-11-25," 	29.1	"
2016-11-26," 	39.4	"
2016-11-27," 	12.3	"
2016-11-28," 	10.0	"
2016-11-29," 	17.1	"
2016-11-30," 	16.6	"
2016-12-01," 	11.7	"
2016-12-02," 	7.4	"
2016-12-03," 	20.7	"
2016-12-04," 	29.5	"
2016-12-05," 	49.2	"
2016-12-06," 	34.2	"
2016-12-07," 	31.7	"
2016-12-08," 	25.8	"
2016-12-09," 	18.4	"
2016-12-10," 	15.3	"
2016-12-11," 	13.6	"
2016-12-12," 	13.2	"
2016-12-13," 	52.9	"
2016-12-14," 	23.4	"
2016-12-15," 	18.4	"
2016-12-16," 	52.3	"
2016-12-17," 	75.4	"
2016-12-18," 	40.2	"
2016-12-19," 	32.7	"
2016-12-20," 	36.4	"
2016-12-21," 	50.8	"
2016-12-22," 	55.6	"
2016-12-23," 	36.7	"
2016-12-24," 	21.0	"
2016-12-25," 	9.7	"
2016-12-26," 	5.5	"
2016-12-27," 	7.6	"
2016-12-28," 	13.2	"
2016-12-29," 	46.1	"
2016-12-30," 	59.6	"
2016-12-31," 	86.6	"
2017-01-01," 	53.6	"
2017-01-02," 	31.3	"
2017-01-03," 	12.7	"
2017-01-04," 	6.1	"
2017-01-05," 	8.3	"
2017-01-06," 	13.5	"
2017-01-07," 	37.0	"
2017-01-08," 	54.6	"
2017-01-09," 	131.5	"
2017-01-10," 	90.6	"
2017-01-11," 	34.2	"
2017-01-12," 	17.0	"
2017-01-13," 	12.6	"
2017-01-14," 	16.7	"
2017-01-15," 	14.5	"
2017-01-16," 	37.1	"
2017-01-17," 	48.9	"
2017-01-18," 	53.7	"
2017-01-19," 	59.6	"
2017-01-20," 	69.9	"
2017-01-21," 	42.4	"
2017-01-22," 	69.0	"
2017-01-23," 	59.4	"
2017-01-24," 	43.2	"
2017-01-25," 	49.0	"
2017-01-26," 	66.2	"
2017-01-27," 	70.8	"
2017-01-28," 	68.0	"
2017-01-29," 	92.8	"
2017-01-30," 	88.4	"
2017-01-31," 	40.1	"
2017-02-01," 	62.7	"
2017-02-02," 	52.4	"
2017-02-03," 	60.0	"
2017-02-04," 	46.0	"
2017-02-05,
2017-02-06,
2017-02-07,
2017-02-08,
2017-02-09,
2017-02-10,
2017-02-11," 	45.1	"
2017-02-12," 	56.6	"
2017-02-13," 	66.0	"
2017-02-14," 	102.5	"
2017-02-15," 	177.4	"
2017-02-16," 	109.1	"
2017-02-17,
2017-02-18,
2017-02-19,
2017-02-20,
2017-02-21," 	7.6	"
2017-02-22," 	9.3	"
2017-02-23," 	8.6	"
2017-02-24," 	7.5	"
2017-02-25," 	15.8	"
2017-02-26," 	13.0	"
2017-02-27," 	18.6	"
2017-02-28," 	19.1	"
2017-03-01," 	10.6	"
2017-03-02," 	9.9	"
2017-03-03," 	15.6	"
2017-03-04," 	20.8	"
2017-03-05," 	14.0	"
2017-03-06," 	18.3	"
2017-03-07," 	21.5	"
2017-03-08," 	27.5	"
2017-03-09," 	30.4	"
2017-03-10," 	27.8	"
2017-03-11," 	17.4	"
2017-03-12," 	25.0	"
2017-03-13," 	34.6	"
2017-03-14," 	56.9	"
2017-03-15," 	21.6	"
2017-03-16," 	14.1	"
2017-03-17," 	30.5	"
2017-03-18," 	9.9	"
2017-03-19," 	7.4	"
2017-03-20," 	15.1	"
2017-03-21," 	12.3	"
2017-03-22," 	9.1	"
2017-03-23," 	25.2	"
2017-03-24," 	29.6	"
2017-03-25," 	29.9	"
2017-03-26," 	16.2	"
2017-03-27," 	29.0	"
2017-03-28," 	36.1	"
2017-03-29," 	30.6	"
2017-03-30," 	24.4	"
2017-03-31," 	19.2	"
2017-04-01," 	20.4	"
2017-04-02," 	18.6	"
2017-04-03," 	19.9	"
2017-04-04," 	33.4	"
2017-04-05," 	32.4	"
2017-04-06," 	8.1	"
2017-04-07," 	7.1	"
2017-04-08," 	15.5	"
2017-04-09," 	23.5	"
2017-04-10," 	15.3	"
2017-04-11," 	9.4	"
2017-04-12," 	13.8	"
2017-04-13," 	9.4	"
2017-04-14," 	10.0	"
2017-04-15," 	14.2	"
2017-04-16," 	9.7	"
2017-04-17," 	9.9	"
2017-04-18," 	13.8	"
2017-04-19," 	11.1	"
2017-04-20," 	14.2	"
2017-04-21," 	20.7	"
2017-04-22," 	10.4	"
2017-04-23," 	6.1	"
2017-04-24," 	9.6	"
2017-04-25," 	13.1	"
2017-04-26," 	11.6	"
2017-04-27," 	18.4	"
2017-04-28," 	16.3	"
2017-04-29," 	20.6	"
2017-04-30," 	14.6	"
2017-05-01," 	12.2	"
2017-05-02," 	20.5	"
2017-05-03," 	21.9	"
2017-05-04," 	15.5	"
2017-05-05," 	23.9	"
2017-05-06," 	22.3	"
2017-05-07," 	12.8	"
2017-05-08," 	7.0	"
2017-05-09," 	6.4	"
2017-05-10," 	12.2	"
2017-05-11," 	13.3	"
2017-05-12," 	17.7	"
2017-05-13," 	16.6	"
2017-05-14," 	17.5	"
2017-05-15," 	10.6	"
2017-05-16," 	12.3	"
2017-05-17," 	18.0	"
2017-05-18," 	19.0	"
2017-05-19," 	19.1	"
2017-05-20," 	14.2	"
2017-05-21," 	15.5	"
2017-05-22," 	12.5	"
2017-05-23," 	15.7	"
2017-05-24," 	11.8	"
2017-05-25," 	7.9	"
2017-05-26," 	10.5	"
2017-05-27," 	10.9	"
2017-05-28," 	12.2	"
2017-05-29," 	12.1	"
2017-05-30," 	16.5	"
2017-05-31," 	12.1	"
2017-06-01," 	10.0	"
2017-06-02," 	12.2	"
2017-06-03," 	12.6	"
2017-06-04," 	16.9	"
2017-06-05," 	8.2	"
2017-06-06," 	10.7	"
2017-06-07," 	5.2	"
2017-06-08," 	7.8	"
2017-06-09," 	10.0	"
2017-06-10," 	8.6	"
2017-06-11," 	11.4	"
2017-06-12," 	11.6	"
2017-06-13," 	10.1	"
2017-06-14," 	8.9	"
2017-06-15," 	10.4	"
2017-06-16," 	10.2	"
2017-06-17," 	6.3	"
2017-06-18," 	9.0	"
2017-06-19," 	12.9	"
2017-06-20," 	14.4	"
2017-06-21," 	9.9	"
2017-06-22," 	15.9	"
2017-06-23," 	13.3	"
2017-06-24," 	14.9	"
2017-06-25," 	11.3	"
2017-06-26," 	10.4	"
2017-06-27," 	12.0	"
2017-06-28," 	15.6	"
2017-06-29," 	11.6	"
2017-06-30," 	8.8	"
2017-07-01," 	8.2	"
2017-07-02," 	7.4	"
2017-07-03," 	9.1	"
2017-07-04," 	10.8	"
2017-07-05," 	12.2	"
2017-07-06," 	10.0	"
2017-07-07," 	13.2	"
2017-07-08," 	16.8	"
2017-07-09," 	15.1	"
2017-07-10," 	12.4	"
2017-07-11," 	11.4	"
2017-07-12," 	10.0	"
2017-07-13," 	7.6	"
2017-07-14," 	11.8	"
2017-07-15," 	11.9	"
2017-07-16," 	10.9	"
2017-07-17," 	11.0	"
2017-07-18," 	10.6	"
2017-07-19," 	16.2	"
2017-07-20," 	22.2	"
2017-07-21," 	13.2	"
2017-07-22," 	17.0	"
2017-07-23," 	13.0	"
2017-07-24," 	9.6	"
2017-07-25," 	7.9	"
2017-07-26," 	7.6	"
2017-07-27," 	8.3	"
2017-07-28," 	10.5	"
2017-07-29," 	11.5	"
2017-07-30," 	14.7	"
2017-07-31," 	13.1	"
2017-08-01," 	20.4	"
2017-08-02," 	15.3	"
2017-08-03," 	13.5	"
2017-08-04," 	13.4	"
2017-08-05," 	12.1	"
2017-08-06," 	6.8	"
2017-08-07," 	9.4	"
2017-08-08," 	14.7	"
2017-08-09," 	14.3	"
2017-08-10," 	18.2	"
2017-08-11," 	10.1	"
2017-08-12," 	6.6	"
2017-08-13," 	8.4	"
2017-08-14," 	9.7	"
2017-08-15," 	11.1	"
2017-08-16," 	16.0	"
2017-08-17," 	10.3	"
2017-08-18," 	16.1	"
2017-08-19," 	8.1	"
2017-08-20," 	9.1	"
2017-08-21," 	8.0	"
2017-08-22," 	7.8	"
2017-08-23," 	9.0	"
2017-08-24," 	15.1	"
2017-08-25," 	19.4	"
2017-08-26," 	22.2	"
2017-08-27," 	16.4	"
2017-08-28," 	11.0	"
2017-08-29," 	13.5	"
2017-08-30," 	14.2	"
2017-08-31," 	14.3	"
2017-09-01," 	4.9	"
2017-09-02," 	6.3	"
2017-09-03," 	6.6	"
2017-09-04," 	8.8	"
2017-09-05," 	10.2	"
2017-09-06," 	12.7	"
2017-09-07," 	7.5	"
2017-09-08," 	10.9	"
2017-09-09," 	13.8	"
2017-09-10," 	7.2	"
2017-09-11," 	8.3	"
2017-09-12," 	9.0	"
2017-09-13," 	6.7	"
2017-09-14," 	4.2	"
2017-09-15," 	7.3	"
2017-09-16," 	13.4	"
2017-09-17," 	16.9	"
2017-09-18," 	11.5	"
2017-09-19," 	16.8	"
2017-09-20," 	18.6	"
2017-09-21," 	11.4	"
2017-09-22," 	12.0	"
2017-09-23," 	12.8	"
2017-09-24," 	15.0	"
2017-09-25," 	11.9	"
2017-09-26," 	18.5	"
2017-09-27," 	22.3	"
2017-09-28," 	19.7	"
2017-09-29," 	24.3	"
2017-09-30," 	24.3	"
2017-10-01," 	25.0	"
2017-10-02," 	21.2	"
2017-10-03," 	12.2	"
2017-10-04," 	9.2	"
2017-10-05," 	9.5	"
2017-10-06," 	6.5	"
2017-10-07," 	7.6	"
2017-10-08," 	6.1	"
2017-10-09," 	7.8	"
2017-10-10," 	11.6	"
2017-10-11," 	11.6	"
2017-10-12," 	11.1	"
2017-10-13," 	13.4	"
2017-10-14," 	16.8	"
2017-10-15," 	15.3	"
2017-10-16," 	22.7	"
2017-10-17," 	29.1	"
2017-10-18," 	35.4	"
2017-10-19," 	42.5	"
2017-10-20," 	46.3	"
2017-10-21," 	36.2	"
2017-10-22," 	23.6	"
2017-10-23," 	12.6	"
2017-10-24," 	22.2	"
2017-10-25," 	21.4	"
2017-10-26," 	16.5	"
2017-10-27," 	11.0	"
2017-10-28," 	11.1	"
2017-10-29," 	6.0	"
2017-10-30," 	9.3	"
2017-10-31," 	12.3	"
2017-11-01," 	14.3	"
2017-11-02," 	22.6	"
2017-11-03," 	17.9	"
2017-11-04," 	24.6	"
2017-11-05," 	26.5	"
2017-11-06," 	17.9	"
2017-11-07," 	27.4	"
2017-11-08," 	30.2	"
2017-11-09," 	50.7	"
2017-11-10," 	25.9	"
2017-11-11," 	11.0	"
2017-11-12," 	10.6	"
2017-11-13," 	16.7	"
2017-11-14," 	21.3	"
2017-11-15," 	27.3	"
2017-11-16," 	46.0	"
2017-11-17," 	45.0	"
2017-11-18," 	27.8	"
2017-11-19," 	9.8	"
2017-11-20," 	12.4	"
2017-11-21," 	19.9	"
2017-11-22," 	29.6	"
2017-11-23," 	29.4	"
2017-11-24," 	27.3	"
2017-11-25," 	24.4	"
2017-11-26," 	19.2	"
2017-11-27," 	16.0	"
2017-11-28," 	15.2	"
2017-11-29," 	35.4	"
2017-11-30," 	50.4	"
2017-12-01," 	34.3	"
2017-12-02," 	34.3	"
2017-12-03," 	31.6	"
2017-12-04," 	14.8	"
2017-12-05," 	12.5	"
2017-12-06," 	18.7	"
2017-12-07," 	18.8	"
2017-12-08," 	15.3	"
2017-12-09," 	15.0	"
2017-12-10," 	11.2	"
2017-12-11," 	13.1	"
2017-12-12," 	12.2	"
2017-12-13," 	17.8	"
2017-12-14," 	11.0	"
2017-12-15," 	18.4	"
2017-12-16," 	45.9	"
2017-12-17," 	22.4	"
2017-12-18," 	20.6	"
2017-12-19," 	41.8	"
2017-12-20," 	35.6	"
2017-12-21," 	28.5	"
2017-12-22," 	11.9	"
2017-12-23," 	13.2	"
2017-12-24," 	7.6	"
2017-12-25," 	14.2	"
2017-12-26," 	21.8	"
2017-12-27," 	31.5	"
2017-12-28," 	17.8	"
2017-12-29," 	15.0	"
2017-12-30," 	17.7	"
2017-12-31," 	13.8	"
2018-01-01," 	16.7	"
2018-01-02," 	16.8	"
2018-01-03," 	10.6	"
2018-01-04," 	10.8	"
2018-01-05," 	13.7	"
2018-01-06," 	33.1	"
2018-01-07," 	20.3	"
2018-01-08," 	20.3	"
2018-01-09," 	22.8	"
2018-01-10," 	41.0	"
2018-01-11," 	43.0	"
2018-01-12," 	33.5	"
2018-01-13," 	16.6	"
2018-01-14," 	18.8	"
2018-01-15," 	36.4	"
2018-01-16," 	16.1	"
2018-01-17," 	14.6	"
2018-01-18," 	10.0	"
2018-01-19," 	15.6	"
2018-01-20," 	32.6	"
2018-01-21," 	52.0	"
2018-01-22," 	38.9	"
2018-01-23," 	67.6	"
2018-01-24," 	25.9	"
2018-01-25," 	28.3	"
2018-01-26," 	47.9	"
2018-01-27," 	40.9	"
2018-01-28," 	16.7	"
2018-01-29," 	8.5	"
2018-01-30," 	8.7	"
2018-01-31," 	15.3	"
2018-02-01," 	17.0	"
2018-02-02," 	27.6	"
2018-02-03," 	23.5	"
2018-02-04," 	22.2	"
2018-02-05," 	22.0	"
2018-02-06," 	54.6	"
2018-02-07," 	77.5	"
2018-02-08," 	80.2	"
2018-02-09," 	104.2	"
2018-02-10," 	93.9	"
2018-02-11," 	42.8	"
2018-02-12," 	30.6	"
2018-02-13," 	31.5	"
2018-02-14," 	68.7	"
2018-02-15," 	47.7	"
2018-02-16," 	31.4	"
2018-02-17," 	31.6	"
2018-02-18," 	26.2	"
2018-02-19," 	39.2	"
2018-02-20," 	43.5	"
2018-02-21," 	42.6	"
2018-02-22," 	28.3	"
2018-02-23," 	41.4	"
2018-02-24," 	34.1	"
2018-02-25," 	21.6	"
2018-02-26," 	33.7	"
2018-02-27," 	33.9	"
2018-02-28," 	31.8	"
2018-03-01," 	43.4	"
2018-03-02," 	54.1	"
2018-03-03," 	55.4	"
2018-03-04," 	90.4	"
2018-03-05," 	65.0	"
2018-03-06," 	67.0	"
2018-03-07," 	50.2	"
2018-03-08," 	30.7	"
2018-03-09," 	17.7	"
2018-03-10," 	38.5	"
2018-03-11," 	35.4	"
2018-03-12," 	23.0	"
2018-03-13," 	16.0	"
2018-03-14," 	13.5	"
2018-03-15," 	31.4	"
2018-03-16," 	26.9	"
2018-03-17," 	17.7	"
2018-03-18," 	16.8	"
2018-03-19," 	24.7	"
2018-03-20," 	40.5	"
2018-03-21," 	14.3	"
2018-03-22," 	24.9	"
2018-03-23," 	26.6	"
2018-03-24," 	42.7	"
2018-03-25," 	34.3	"
2018-03-26," 	39.7	"
2018-03-27," 	20.7	"
2018-03-28," 	42.6	"
2018-03-29," 	25.2	"
2018-03-30," 	21.3	"
2018-03-31," 	36.1	"
2018-04-01," 	16.6	"
2018-04-02," 	47.6	"
2018-04-03," 	23.8	"
2018-04-04," 	15.8	"
2018-04-05," 	10.2	"
2018-04-06," 	11.6	"
2018-04-07," 	22.8	"
2018-04-08," 	20.7	"
2018-04-09," 	23.7	"
2018-04-10," 	16.4	"
2018-04-11," 	15.8	"
2018-04-12," 	21.5	"
2018-04-13," 	21.6	"
2018-04-14," 	11.3	"
2018-04-15," 	21.3	"
2018-04-16," 	21.8	"
2018-04-17," 	30.1	"
2018-04-18," 	22.4	"
2018-04-19," 	18.6	"
2018-04-20," 	13.9	"
2018-04-21," 	17.7	"
2018-04-22," 	10.9	"
2018-04-23," 	16.6	"
2018-04-24," 	14.8	"
2018-04-25," 	13.7	"
2018-04-26," 	12.0	"
2018-04-27," 	8.7	"
2018-04-28," 	15.9	"
2018-04-29," 	21.2	"
2018-04-30," 	20.0	"
2018-05-01," 	13.6	"
2018-05-02," 	15.9	"
2018-05-03," 	24.7	"
2018-05-04," 	11.8	"
2018-05-05," 	10.2	"
2018-05-06," 	11.3	"
2018-05-07," 	11.2	"
2018-05-08," 	12.9	"
2018-05-09," 	14.2	"
2018-05-10," 	13.8	"
2018-05-11," 	19.9	"
2018-05-12," 	16.8	"
2018-05-13," 	13.3	"
2018-05-14," 	14.1	"
2018-05-15," 	13.5	"
2018-05-16," 	16.0	"
2018-05-17," 	13.1	"
2018-05-18," 	15.9	"
2018-05-19," 	13.1	"
2018-05-20," 	10.9	"
2018-05-21," 	10.8	"
2018-05-22," 	13.2	"
2018-05-23," 	14.7	"
2018-05-24," 	10.8	"
2018-05-25," 	13.0	"
2018-05-26," 	14.8	"
2018-05-27," 	17.7	"
2018-05-28," 	14.4	"
2018-05-29," 	15.0	"
2018-05-30," 	14.9	"
2018-05-31," 	17.7	"
2018-06-01," 	19.4	"
2018-06-02," 	13.4	"
2018-06-03," 	16.5	"
2018-06-04," 	17.4	"
2018-06-05," 	15.4	"
2018-06-06," 	6.1	"
2018-06-07," 	8.6	"
2018-06-08," 	16.6	"
2018-06-09," 	20.2	"
2018-06-10," 	15.5	"
2018-06-11," 	16.3	"
2018-06-12," 	13.8	"
2018-06-13," 	10.0	"
2018-06-14," 	8.0	"
2018-06-15," 	13.1	"
2018-06-16," 	13.7	"
2018-06-17," 	14.8	"
2018-06-18," 	10.8	"
2018-06-19," 	10.4	"
2018-06-20," 	11.2	"
2018-06-21," 	15.3	"
2018-06-22," 	3.6	"
2018-06-23," 	6.6	"
2018-06-24," 	3.0	"
2018-06-25," 	6.9	"
2018-06-26," 	8.4	"
2018-06-27," 	10.2	"
2018-06-28," 	11.4	"
2018-06-29," 	11.8	"
2018-06-30," 	4.2	"
2018-07-01," 	3.2	"
2018-07-02," 	6.3	"
2018-07-03," 	9.1	"
2018-07-04," 	12.3	"
2018-07-05," 	17.2	"
2018-07-06," 	11.0	"
2018-07-07," 	8.6	"
2018-07-08," 	11.6	"
2018-07-09," 	12.0	"
2018-07-10," 	10.0	"
2018-07-11," 	11.4	"
2018-07-12," 	10.5	"
2018-07-13," 	10.2	"
2018-07-14," 	11.4	"
2018-07-15," 	9.3	"
2018-07-16," 	11.1	"
2018-07-17," 	12.1	"
2018-07-18," 	10.0	"
2018-07-19," 	10.3	"
2018-07-20," 	13.2	"
2018-07-21," 	18.9	"
2018-07-22," 	16.2	"
2018-07-23," 	17.5	"
2018-07-24," 	16.8	"
2018-07-25," 	15.4	"
2018-07-26," 	13.7	"
2018-07-27," 	13.4	"
2018-07-28," 	15.3	"
2018-07-29," 	13.4	"
2018-07-30," 	13.5	"
2018-07-31," 	17.2	"
2018-08-01," 	17.5	"
2018-08-02," 	18.0	"
2018-08-03," 	18.7	"
2018-08-04," 	18.2	"
2018-08-05," 	9.8	"
2018-08-06," 	8.0	"
2018-08-07," 	9.4	"
2018-08-08," 	16.8	"
2018-08-09," 	19.3	"
2018-08-10," 	8.5	"
2018-08-11," 	7.7	"
2018-08-12," 	7.4	"
2018-08-13," 	10.7	"
2018-08-14," 	8.2	"
2018-08-15," 	6.9	"
2018-08-16," 	8.1	"
2018-08-17," 	11.8	"
2018-08-18," 	15.5	"
2018-08-19," 	14.6	"
2018-08-20," 	14.9	"
2018-08-21," 	9.0	"
2018-08-22," 	11.8	"
2018-08-23," 	17.4	"
2018-08-24," 	14.4	"
2018-08-25," 	9.5	"
2018-08-26," 	4.8	"
2018-08-27," 	9.4	"
2018-08-28," 	11.3	"
2018-08-29," 	14.3	"
2018-08-30," 	18.2	"
2018-08-31," 	8.5	"
2018-09-01," 	12.8	"
2018-09-02," 	16.3	"
2018-09-03," 	17.6	"
2018-09-04," 	13.9	"
2018-09-05," 	13.4	"
2018-09-06," 	15.0	"
2018-09-07," 	17.6	"
2018-09-08," 	12.8	"
2018-09-09," 	14.1	"
2018-09-10," 	15.2	"
2018-09-11," 	15.9	"
2018-09-12," 	15.8	"
2018-09-13," 	10.4	"
2018-09-14," 	9.4	"
2018-09-15," 	12.0	"
2018-09-16," 	10.4	"
2018-09-17," 	13.3	"
2018-09-18," 	18.6	"
2018-09-19," 	19.5	"
2018-09-20," 	22.2	"
2018-09-21," 	20.8	"
2018-09-22," 	6.9	"
2018-09-23," 	5.8	"
2018-09-24," 	4.7	"
2018-09-25," 	6.0	"
2018-09-26," 	10.1	"
2018-09-27," 	9.0	"
2018-09-28," 	12.2	"
2018-09-29," 	14.8	"
2018-09-30," 	18.2	"
2018-10-01," 	13.7	"
2018-10-02," 	7.4	"
2018-10-03," 	7.1	"
2018-10-04," 	10.2	"
2018-10-05," 	16.6	"
2018-10-06," 	25.5	"
2018-10-07," 	19.9	"
2018-10-08," 	10.4	"
2018-10-09," 	28.1	"
2018-10-10," 	34.5	"
2018-10-11," 	27.0	"
2018-10-12," 	33.4	"
2018-10-13," 	31.1	"
2018-10-14," 	25.4	"
2018-10-15," 	21.2	"
2018-10-16," 	32.9	"
2018-10-17," 	31.3	"
2018-10-18," 	49.8	"
2018-10-19," 	47.3	"
2018-10-20," 	18.1	"
2018-10-21," 	24.2	"
2018-10-22," 	24.5	"
2018-10-23," 	9.7	"
2018-10-24," 	6.9	"
2018-10-25," 	7.2	"
2018-10-26," 	14.0	"
2018-10-27," 	20.0	"
2018-10-28," 	10.6	"
2018-10-29," 	14.9	"
2018-10-30," 	11.1	"
2018-10-31," 	9.5	"
2018-11-01," 	13.9	"
2018-11-02," 	16.4	"
2018-11-03," 	27.0	"
2018-11-04," 	25.1	"
2018-11-05," 	24.0	"
2018-11-06," 	21.5	"
2018-11-07," 	26.2	"
2018-11-08," 	33.7	"
2018-11-09," 	49.0	"
2018-11-10," 	46.6	"
2018-11-11," 	41.2	"
2018-11-12," 	28.5	"
2018-11-13," 	23.1	"
2018-11-14," 	12.2	"
2018-11-15," 	29.2	"
2018-11-16," 	21.0	"
2018-11-17," 	33.8	"
2018-11-18," 	57.9	"
2018-11-19," 	26.7	"
2018-11-20," 	25.0	"
2018-11-21," 	32.0	"
2018-11-22," 	28.7	"
2018-11-23," 	60.9	"
2018-11-24," 	40.6	"
2018-11-25," 	38.2	"
2018-11-26," 	34.0	"
2018-11-27," 	28.5	"
2018-11-28," 	35.3	"
2018-11-29," 	44.1	"
2018-11-30," 	23.7	"
2018-12-01," 	47.6	"
2018-12-02," 	29.0	"
2018-12-03," 	17.6	"
2018-12-04," 	11.8	"
2018-12-05," 	33.6	"
2018-12-06," 	35.7	"
2018-12-07," 	14.1	"
2018-12-08," 	9.7	"
2018-12-09," 	6.2	"
2018-12-10," 	6.0	"
2018-12-11," 	7.0	"
2018-12-12," 	26.3	"
2018-12-13," 	35.3	"
2018-12-14," 	25.7	"
2018-12-15," 	28.3	"
2018-12-16," 	29.9	"
2018-12-17," 	48.1	"
2018-12-18," 	56.5	"
2018-12-19," 	53.6	"
2018-12-20," 	28.8	"
2018-12-21," 	16.9	"
2018-12-22," 	6.5	"
2018-12-23," 	10.4	"
2018-12-24," 	6.6	"
2018-12-25," 	7.1	"
2018-12-26," 	11.3	"
2018-12-27," 	10.0	"
2018-12-28," 	12.0	"
2018-12-29," 	13.7	"
2018-12-30," 	5.9	"
2018-12-31,
2019-01-01," 	14.2	"
2019-01-02," 	4.3	"
2019-01-03," 	7.1	"
2019-01-04," 	11.6	"
2019-01-05," 	7.0	"
2019-01-06," 	7.9	"
2019-01-07," 	23.4	"
2019-01-08," 	9.4	"
2019-01-09," 	10.4	"
2019-01-10," 	29.8	"
2019-01-11," 	14.4	"
2019-01-12," 	8.9	"
2019-01-13,
2019-01-14,
2019-01-15," 	6.6	"
2019-01-16," 	9.2	"
2019-01-17," 	15.5	"
2019-01-18," 	8.8	"
2019-01-19," 	24.8	"
2019-01-20," 	89.4	"
2019-01-21," 	66.6	"
2019-01-22," 	79.9	"
2019-01-23," 	42.0	"
2019-01-24," 	24.5	"
2019-01-25," 	39.2	"
2019-01-26," 	37.6	"
2019-01-27," 	17.1	"
2019-01-28," 	30.2	"
2019-01-29," 	22.5	"
2019-01-30," 	45.9	"
2019-01-31," 	61.8	"
2019-02-01,
2019-02-02,
2019-02-03,
2019-02-04,
2019-02-05,
2019-02-06," 	24.2	"
2019-02-07," 	37.5	"
2019-02-08," 	24.7	"
2019-02-09," 	16.2	"
2019-02-10," 	16.8	"
2019-02-11," 	5.3	"
2019-02-12," 	5.3	"
2019-02-13," 	15.8	"
2019-02-14," 	20.4	"
2019-02-15," 	27.3	"
2019-02-16," 	44.3	"
2019-02-17," 	57.1	"
2019-02-18," 	60.3	"
2019-02-19," 	31.2	"
2019-02-20," 	16.5	"
2019-02-21," 	20.6	"
2019-02-22," 	10.6	"
2019-02-23," 	22.8	"
2019-02-24," 	30.3	"
2019-02-25," 	21.2	"
2019-02-26," 	32.4	"
2019-02-27," 	33.0	"
2019-02-28," 	30.7	"
2019-03-01," 	38.9	"
2019-03-02," 	38.5	"
2019-03-03," 	17.5	"
2019-03-04," 	7.5	"
2019-03-05," 	7.2	"
2019-03-06," 	13.8	"
2019-03-07," 	12.7	"
2019-03-08," 	7.2	"
2019-03-09," 	7.8	"
2019-03-10," 	6.8	"
2019-03-11," 	4.1	"
2019-03-12," 	9.2	"
2019-03-13," 	7.1	"
2019-03-14," 	5.2	"
2019-03-15," 	3.8	"
2019-03-16," 	5.8	"
2019-03-17," 	6.4	"
2019-03-18," 	6.4	"
2019-03-19," 	8.7	"
2019-03-20," 	18.9	"
2019-03-21," 	25.2	"
2019-03-22," 	40.6	"
2019-03-23," 	24.5	"
2019-03-24," 	15.6	"
2019-03-25," 	10.7	"
2019-03-26," 	9.7	"
2019-03-27," 	10.7	"
2019-03-28," 	14.5	"
2019-03-29," 	22.7	"
2019-03-30," 	37.7	"
2019-03-31," 	26.3	"
2019-04-01," 	7.2	"
2019-04-02," 	16.9	"
2019-04-03," 	26.2	"
2019-04-04," 	23.7	"
2019-04-05," 	22.0	"
2019-04-06," 	26.8	"
2019-04-07," 	28.7	"
2019-04-08," 	39.0	"
2019-04-09," 	27.5	"
2019-04-10," 	13.6	"
2019-04-11," 	14.2	"
2019-04-12," 	16.2	"
2019-04-13," 	19.6	"
2019-04-14," 	18.9	"
2019-04-15," 	13.6	"
2019-04-16," 	15.3	"
2019-04-17," 	14.4	"
2019-04-18," 	17.7	"
2019-04-19," 	20.9	"
2019-04-20," 	15.6	"
2019-04-21," 	10.1	"
2019-04-22," 	10.7	"
2019-04-23," 	14.6	"
2019-04-24," 	14.9	"
2019-04-25," 	14.8	"
2019-04-26," 	16.1	"
2019-04-27," 	10.0	"
2019-04-28," 	7.2	"
2019-04-29," 	12.5	"
2019-04-30," 	15.5	"
2019-05-01," 	16.5	"
2019-05-02," 	16.0	"
2019-05-03," 	9.3	"
2019-05-04," 	7.6	"
2019-05-05," 	6.7	"
2019-05-06," 	6.9	"
2019-05-07," 	10.5	"
2019-05-08," 	14.0	"
2019-05-09," 	12.7	"
2019-05-10," 	10.0	"
2019-05-11," 	10.8	"
2019-05-12," 	8.6	"
2019-05-13," 	6.6	"
2019-05-14," 	9.3	"
2019-05-15," 	8.6	"
2019-05-16," 	8.5	"
2019-05-17," 	15.7	"
2019-05-18," 	15.1	"
2019-05-19," 	14.0	"
2019-05-20," 	11.0	"
2019-05-21," 	8.6	"
2019-05-22," 	4.3	"
2019-05-23," 	6.3	"
2019-05-24," 	9.9	"
2019-05-25," 	13.7	"
2019-05-26," 	8.6	"
2019-05-27," 	11.8	"
2019-05-28," 	6.7	"
2019-05-29," 	6.0	"
2019-05-30," 	7.0	"
2019-05-31," 	9.9	"
2019-06-01," 	13.4	"
2019-06-02," 	13.5	"
2019-06-03," 	14.8	"
2019-06-04," 	14.4	"
2019-06-05," 	13.9	"
2019-06-06," 	12.7	"
2019-06-07," 	11.9	"
2019-06-08," 	11.4	"
2019-06-09," 	10.6	"
2019-06-10," 	14.7	"
2019-06-11," 	13.0	"
2019-06-12," 	14.8	"
2019-06-13," 	8.2	"
2019-06-14," 	12.7	"
2019-06-15," 	17.1	"
2019-06-16," 	9.5	"
2019-06-17," 	7.4	"
2019-06-18," 	8.1	"
2019-06-19," 	11.0	"
2019-06-20," 	9.6	"
2019-06-21," 	7.4	"
2019-06-22," 	7.0	"
2019-06-23," 	6.3	"
2019-06-24," 	8.9	"
2019-06-25," 	11.7	"
2019-06-26," 	15.0	"
2019-06-27," 	9.4	"
2019-06-28," 	5.0	"
2019-06-29," 	8.5	"
2019-06-30," 	9.2	"
2019-07-01," 	12.6	"
2019-07-02," 	6.3	"
2019-07-03," 	5.3	"
2019-07-04," 	6.1	"
2019-07-05," 	7.4	"
2019-07-06," 	8.3	"
2019-07-07," 	4.6	"
2019-07-08," 	4.4	"
2019-07-09," 	4.2	"
2019-07-10," 	5.2	"
2019-07-11," 	5.9	"
2019-07-12," 	11.6	"
2019-07-13," 	10.9	"
2019-07-14," 	6.2	"
2019-07-15," 	9.4	"
2019-07-16," 	7.4	"
2019-07-17," 	6.6	"
2019-07-18," 	9.8	"
2019-07-19," 	12.6	"
2019-07-20," 	11.9	"
2019-07-21," 	7.2	"
2019-07-22," 	10.9	"
2019-07-23," 	8.0	"
2019-07-24," 	7.0	"
2019-07-25," 	9.9	"
2019-07-26," 	8.4	"
2019-07-27," 	10.0	"
2019-07-28," 	10.9	"
2019-07-29," 	11.9	"
2019-07-30," 	14.8	"
2019-07-31," 	12.2	"
2019-08-01," 	9.0	"
2019-08-02," 	6.8	"
2019-08-03," 	7.6	"
2019-08-04," 	7.6	"
2019-08-05," 	7.5	"
2019-08-06," 	8.6	"
2019-08-07," 	5.9	"
2019-08-08," 	6.1	"
2019-08-09," 	8.1	"
2019-08-10," 	7.0	"
2019-08-11," 	5.8	"
2019-08-12," 	8.0	"
2019-08-13," 	7.8	"
2019-08-14," 	8.5	"
2019-08-15," 	7.9	"
2019-08-16," 	7.5	"
2019-08-17," 	6.4	"
2019-08-18," 	7.2	"
2019-08-19," 	5.2	"
2019-08-20," 	7.2	"
2019-08-21," 	5.0	"
2019-08-22," 	8.4	"
2019-08-23," 	11.8	"
2019-08-24," 	13.2	"
2019-08-25," 	13.0	"
2019-08-26," 	14.4	"
2019-08-27," 	13.6	"
2019-08-28," 	20.0	"
2019-08-29," 	17.6	"
2019-08-30," 	14.2	"
2019-08-31," 	20.1	"
2019-09-01," 	16.4	"
2019-09-02," 	4.9	"
2019-09-03," 	6.8	"
2019-09-04," 	9.0	"
2019-09-05," 	8.2	"
2019-09-06," 	5.7	"
2019-09-07," 	9.8	"
2019-09-08," 	5.1	"
2019-09-09," 	5.4	"
2019-09-10," 	5.7	"
2019-09-11," 	8.2	"
2019-09-12," 	10.9	"
2019-09-13," 	6.6	"
2019-09-14," 	9.6	"
2019-09-15," 	10.3	"
2019-09-16," 	6.4	"
2019-09-17," 	7.4	"
2019-09-18," 	4.5	"
2019-09-19," 	6.0	"
2019-09-20," 	7.8	"
2019-09-21," 	10.5	"
2019-09-22," 	12.1	"
2019-09-23," 	12.5	"
2019-09-24," 	30.7	"
2019-09-25," 	31.8	"
2019-09-26," 	7.8	"
2019-09-27," 	10.0	"
2019-09-28," 	6.4	"
2019-09-29," 	5.2	"
2019-09-30," 	7.8	"
2019-10-01," 	5.3	"
2019-10-02," 	4.6	"
2019-10-03," 	5.6	"
2019-10-04," 	8.4	"
2019-10-05," 	13.5	"
2019-10-06," 	12.4	"
2019-10-07," 	23.1	"
2019-10-08," 	18.5	"
2019-10-09," 	5.8	"
2019-10-10," 	5.5	"
2019-10-11," 	7.7	"
2019-10-12," 	6.6	"
2019-10-13," 	8.9	"
2019-10-14," 	14.0	"
2019-10-15," 	19.9	"
2019-10-16," 	8.3	"
2019-10-17," 	8.2	"
2019-10-18," 	13.7	"
2019-10-19," 	15.1	"
2019-10-20," 	13.9	"
2019-10-21," 	22.0	"
2019-10-22," 	24.1	"
2019-10-23," 	37.6	"
2019-10-24," 	30.2	"
2019-10-25," 	28.1	"
2019-10-26," 	20.7	"
2019-10-27," 	10.5	"
2019-10-28," 	8.6	"
2019-10-29," 	14.4	"
2019-10-30," 	27.0	"
2019-10-31," 	27.4	"
2019-11-01," 	29.7	"
2019-11-02," 	16.4	"
2019-11-03," 	16.5	"
2019-11-04," 	11.5	"
2019-11-05," 	10.4	"
2019-11-06," 	12.3	"
2019-11-07," 	19.8	"
2019-11-08," 	30.4	"
2019-11-09," 	26.6	"
2019-11-10," 	17.4	"
2019-11-11," 	24.9	"
2019-11-12," 	15.0	"
2019-11-13," 	8.8	"
2019-11-14," 	18.1	"
2019-11-15," 	20.2	"
2019-11-16," 	16.0	"
2019-11-17," 	17.5	"
2019-11-18," 	15.2	"
2019-11-19," 	19.5	"
2019-11-20," 	38.7	"
2019-11-21," 	26.9	"
2019-11-22," 	18.2	"
2019-11-23," 	21.9	"
2019-11-24," 	23.4	"
2019-11-25," 	44.5	"
2019-11-26," 	39.7	"
2019-11-27," 	23.2	"
2019-11-28," 	10.1	"
2019-11-29," 	4.5	"
2019-11-30," 	8.9	"
2019-12-01," 	26.4	"
2019-12-02," 	28.9	"
2019-12-03," 	16.2	"
2019-12-04," 	22.1	"
2019-12-05," 	31.6	"
2019-12-06," 	33.5	"
2019-12-07," 	10.9	"
2019-12-08," 	7.5	"
2019-12-09," 	9.4	"
2019-12-10," 	12.8	"
2019-12-11," 	33.3	"
2019-12-12," 	29.5	"
2019-12-13," 	24.5	"
2019-12-14," 	8.1	"
2019-12-15," 	6.6	"
2019-12-16," 	21.4	"
2019-12-17," 	33.0	"
2019-12-18," 	23.4	"
2019-12-19," 	42.7	"
2019-12-20," 	14.0	"
2019-12-21," 	21.0	"
2019-12-22," 	28.6	"
2019-12-23," 	19.8	"
2019-12-24," 	12.0	"
2019-12-25," 	9.8	"
2019-12-26," 	6.9	"
2019-12-27," 	7.0	"
2019-12-28," 	5.7	"
2019-12-29," 	9.3	"
2019-12-30," 	19.8	"
2019-12-31," 	12.2	"
2020-01-01," 	17.7	"
2020-01-02," 	59.0	"
2020-01-03," 	45.1	"
2020-01-04," 	6.7	"
2020-01-05," 	12.4	"
2020-01-06," 	20.3	"
2020-01-07," 	22.6	"
2020-01-08," 	20.4	"
2020-01-09," 	14.2	"
2020-01-10," 	21.7	"
2020-01-11," 	8.4	"
2020-01-12," 	16.0	"
2020-01-13," 	21.8	"
2020-01-14," 	20.4	"
2020-01-15," 	20.0	"
2020-01-16," 	34.3	"
2020-01-17," 	67.3	"
2020-01-18," 	29.9	"
2020-01-19," 	22.5	"
2020-01-20," 	18.6	"
2020-01-21," 	27.8	"
2020-01-22," 	20.4	"
2020-01-23," 	25.2	"
2020-01-24," 	48.5	"
2020-01-25," 	49.4	"
2020-01-26," 	70.0	"
2020-01-27," 	45.0	"
2020-01-28," 	16.5	"
2020-01-29," 	6.9	"
2020-01-30," 	9.8	"
2020-01-31," 	8.9	"
2020-02-01," 	7.0	"
2020-02-02," 	6.8	"
2020-02-03," 	7.3	"
2020-02-04," 	5.6	"
2020-02-05," 	6.5	"
2020-02-06," 	13.2	"
2020-02-07," 	12.7	"
2020-02-08," 	35.3	"
2020-02-09," 	21.3	"
2020-02-10," 	8.7	"
2020-02-11," 	4.5	"
2020-02-12," 	5.0	"
2020-02-13," 	8.1	"
2020-02-14," 	12.8	"
2020-02-15," 	18.6	"
2020-02-16," 	8.0	"
2020-02-17," 	10.1	"
2020-02-18," 	5.5	"
2020-02-19," 	7.3	"
2020-02-20," 	11.8	"
2020-02-21," 	9.5	"
2020-02-22," 	9.9	"
2020-02-23," 	5.8	"
2020-02-24," 	7.0	"
2020-02-25," 	8.4	"
2020-02-26," 	7.4	"
2020-02-27," 	13.1	"
2020-02-28," 	16.4	"
2020-02-29," 	9.1	"
2020-03-01," 	9.8	"
2020-03-02," 	17.5	"
2020-03-03," 	20.5	"
2020-03-04," 	15.6	"
2020-03-05," 	15.0	"
2020-03-06," 	13.3	"
2020-03-07," 	11.5	"
2020-03-08," 	19.3	"
2020-03-09," 	19.7	"
2020-03-10," 	12.1	"
2020-03-11," 	7.6	"
2020-03-12," 	8.3	"
2020-03-13," 	7.4	"
2020-03-14," 	11.9	"
2020-03-15," 	25.0	"
2020-03-16," 	12.9	"
2020-03-17," 	33.3	"
2020-03-18," 	25.2	"
2020-03-19," 	34.1	"
2020-03-20," 	28.3	"
2020-03-21," 	7.5	"
2020-03-22," 	8.7	"
2020-03-23," 	13.6	"
2020-03-24," 	21.6	"
2020-03-25," 	20.6	"
2020-03-26," 	26.0	"
2020-03-27," 	35.7	"
2020-03-28," 	32.6	"
2020-03-29," 	26.8	"
2020-03-30," 	6.1	"
2020-03-31," 	12.2	"
2020-04-01," 	17.3	"
2020-04-02," 	24.2	"
2020-04-03," 	20.4	"
2020-04-04," 	19.8	"
2020-04-05," 	22.9	"
2020-04-06," 	20.5	"
2020-04-07," 	18.8	"
2020-04-08," 	16.3	"
2020-04-09," 	17.3	"
2020-04-10," 	8.7	"
2020-04-11," 	17.7	"
2020-04-12," 	15.1	"
2020-04-13," 	8.4	"
2020-04-14," 	5.6	"
2020-04-15," 	8.7	"
2020-04-16," 	10.6	"
2020-04-17," 	12.1	"
2020-04-18," 	12.4	"
2020-04-19," 	10.1	"
2020-04-20," 	8.1	"
2020-04-21," 	12.0	"
2020-04-22," 	16.0	"
2020-04-23," 	15.6	"
2020-04-24," 	19.1	"
2020-04-25," 	10.8	"
2020-04-26," 	8.7	"
2020-04-27," 	14.2	"
2020-04-28," 	13.8	"
2020-04-29," 	12.7	"
2020-04-30," 	15.8	"
2020-05-01," 	9.3	"
2020-05-02,
2020-05-03," 	8.0	"
2020-05-04," 	13.5	"
2020-05-05," 	9.9	"
2020-05-06," 	6.2	"
2020-05-07," 	8.3	"
2020-05-08," 	9.5	"
2020-05-09," 	16.3	"
2020-05-10," 	14.9	"
2020-05-11,
2020-05-12,
2020-05-13,
2020-05-14,
2020-05-15,
2020-05-16,
2020-05-17,
2020-05-18,
2020-05-19,
2020-05-20,
2020-05-21,
2020-05-22," 	9.9	"
2020-05-23," 	11.7	"
2020-05-24," 	5.5	"
2020-05-25," 	4.4	"
2020-05-26," 	9.1	"
2020-05-27," 	10.6	"
2020-05-28," 	10.6	"
2020-05-29," 	5.6	"
2020-05-30," 	5.8	"
2020-05-31," 	7.4	"
2020-06-01," 	7.1	"
2020-06-02," 	6.2	"
2020-06-03," 	9.0	"
2020-06-04," 	9.4	"
2020-06-05," 	7.1	"
2020-06-06," 	3.9	"
2020-06-07," 	4.7	"
2020-06-08," 	6.3	"
2020-06-09," 	7.0	"
2020-06-10," 	11.1	"
2020-06-11," 	13.7	"
2020-06-12," 	14.0	"
2020-06-13," 	17.9	"
2020-06-14," 	8.3	"
2020-06-15," 	7.9	"
2020-06-16," 	7.2	"
2020-06-17," 	10.5	"
2020-06-18," 	11.8	"
2020-06-19," 	8.4	"
2020-06-20," 	2.7	"
2020-06-21," 	3.8	"
2020-06-22," 	8.8	"
2020-06-23," 	8.4	"
2020-06-24," 	8.8	"
2020-06-25," 	10.2	"
2020-06-26," 	10.4	"
2020-06-27," 	10.2	"
2020-06-28," 	9.1	"
2020-06-29," 	6.7	"
2020-06-30," 	7.7	"
2020-07-01," 	6.7	"
2020-07-02," 	7.2	"
2020-07-03," 	8.9	"
2020-07-04,
2020-07-05,
2020-07-06,
2020-07-07,
2020-07-08,
2020-07-09,
2020-07-10,
2020-07-11,
2020-07-12,
2020-07-13,
2020-07-14," 	6.0	"
2020-07-15," 	9.5	"
2020-07-16," 	5.5	"
2020-07-17," 	6.6	"
2020-07-18," 	10.8	"
2020-07-19," 	12.5	"
2020-07-20," 	10.6	"
2020-07-21," 	8.0	"
2020-07-22," 	7.6	"
2020-07-23," 	10.3	"
2020-07-24," 	14.1	"
2020-07-25," 	11.8	"
2020-07-26," 	11.6	"
2020-07-27," 	7.3	"
2020-07-28," 	12.7	"
2020-07-29," 	9.9	"
2020-07-30," 	11.0	"
2020-07-31," 	10.2	"
2020-08-01," 	9.1	"
2020-08-02," 	10.8	"
2020-08-03," 	8.5	"
2020-08-04," 	3.9	"
2020-08-05,
2020-08-06,
2020-08-07,
2020-08-08,
2020-08-09,
2020-08-10,
2020-08-11,
2020-08-12," 	10.2	"
2020-08-13," 	12.9	"
2020-08-14," 	14.4	"
2020-08-15," 	13.0	"
2020-08-16," 	8.9	"
2020-08-17," 	9.0	"
2020-08-18," 	10.4	"
2020-08-19," 	9.9	"
2020-08-20," 	9.4	"
2020-08-21," 	9.9	"
2020-08-22," 	7.8	"
2020-08-23," 	4.5	"
2020-08-24,
2020-08-25,
2020-08-26," 	5.2	"
2020-08-27," 	6.2	"
2020-08-28," 	6.6	"
2020-08-29," 	5.1	"
2020-08-30," 	4.7	"
2020-08-31," 	5.0	"
2020-09-01," 	5.4	"
2020-09-02," 	4.6	"
2020-09-03," 	7.3	"
2020-09-04," 	9.0	"
2020-09-05," 	11.1	"
2020-09-06," 	7.1	"
2020-09-07," 	5.8	"
2020-09-08," 	9.4	"
2020-09-09," 	13.7	"
2020-09-10," 	6.5	"
2020-09-11," 	10.1	"
2020-09-12," 	12.4	"
2020-09-13," 	11.9	"
2020-09-14," 	16.7	"
2020-09-15," 	19.8	"
2020-09-16," 	20.0	"
2020-09-17," 	10.9	"
2020-09-18," 	8.6	"
2020-09-19," 	13.6	"
2020-09-20," 	15.9	"
2020-09-21," 	15.8	"
2020-09-22," 	19.7	"
2020-09-23," 	16.8	"
2020-09-24," 	15.3	"
2020-09-25," 	9.9	"
2020-09-26," 	4.6	"
2020-09-27," 	3.3	"
2020-09-28," 	11.7	"
2020-09-29," 	21.6	"
2020-09-30," 	19.6	"
2020-10-01," 	16.8	"
2020-10-02," 	12.7	"
2020-10-03," 	12.2	"
2020-10-04," 	4.7	"
2020-10-05," 	6.8	"
2020-10-06," 	5.1	"
2020-10-07," 	6.8	"
2020-10-08," 	5.8	"
2020-10-09," 	8.0	"
2020-10-10," 	11.8	"
2020-10-11," 	11.1	"
2020-10-12," 	7.5	"
2020-10-13," 	15.2	"
2020-10-14," 	6.2	"
2020-10-15," 	14.7	"
2020-10-16," 	19.8	"
2020-10-17," 	12.0	"
2020-10-18," 	9.6	"
2020-10-19," 	16.0	"
2020-10-20," 	17.1	"
2020-10-21," 	16.0	"
2020-10-22," 	17.9	"
2020-10-23," 	18.3	"
2020-10-24," 	17.7	"
2020-10-25," 	21.9	"
2020-10-26," 	13.4	"
2020-10-27," 	12.2	"
2020-10-28," 	9.9	"
2020-10-29," 	8.0	"
2020-10-30," 	6.9	"
2020-10-31," 	10.9	"
2020-11-01," 	24.8	"
2020-11-02," 	9.9	"
2020-11-03," 	11.4	"
2020-11-04," 	14.8	"
2020-11-05," 	14.1	"
2020-11-06," 	14.1	"
2020-11-07," 	26.2	"
2020-11-08," 	33.8	"
2020-11-09," 	22.3	"
2020-11-10," 	34.2	"
2020-11-11," 	23.9	"
2020-11-12," 	21.2	"
2020-11-13," 	29.7	"
2020-11-14," 	31.7	"
2020-11-15," 	17.0	"
2020-11-16," 	15.5	"
2020-11-17," 	14.8	"
2020-11-18," 	14.4	"
2020-11-19," 	10.2	"
2020-11-20," 	10.2	"
2020-11-21," 	19.6	"
2020-11-22," 	14.2	"
2020-11-23," 	12.7	"
2020-11-24," 	19.3	"
2020-11-25," 	38.3	"
2020-11-26," 	44.4	"
2020-11-27," 	31.4	"
2020-11-28," 	16.2	"
2020-11-29," 	13.8	"
2020-11-30," 	19.2	"
2020-12-01," 	26.4	"
2020-12-02," 	53.3	"
2020-12-03," 	59.5	"
2020-12-04," 	26.8	"
2020-12-05," 	12.6	"
2020-12-06," 	14.0	"
2020-12-07," 	19.7	"
2020-12-08," 	35.8	"
2020-12-09," 	29.7	"
2020-12-10," 	26.9	"
2020-12-11," 	35.4	"
2020-12-12," 	43.9	"
2020-12-13," 	64.6	"
2020-12-14," 	41.4	"
2020-12-15," 	36.6	"
2020-12-16," 	29.7	"
2020-12-17," 	33.6	"
2020-12-18," 	26.0	"
2020-12-19," 	22.4	"
2020-12-20," 	18.0	"
2020-12-21," 	26.6	"
2020-12-22," 	13.0	"
2020-12-23," 	12.4	"
2020-12-24," 	7.4	"
2020-12-25," 	4.3	"
2020-12-26," 	7.8	"
2020-12-27," 	8.8	"
2020-12-28," 	10.6	"
2020-12-29," 	9.4	"
2020-12-30," 	45.3	"
2020-12-31," 	41.6	"
